threshold,n_anomalies,perc
0.5,8487,85.32220770081432
0.7,7119,71.56931738212526
0.9,3369,33.8695083944908
0.95,2466,24.791394390268422
0.99,742,7.459535538353272
