quantile,clean_score,noisy_score
0.5,0.7641083523631096,0.7848437130451202
0.9,0.98124148696661,0.9814012009650469
0.95,0.9936073826858773,0.9942031561397016
0.99,0.9958540046261624,0.9957635165099055
